,Type,"X, Y",Flux B,Flux V,Mag B,Mag_B error,Mag_V error,Mag V,B-V,B-V error,S/N B,S/N V
0,A2V,"(150, 50)",28,24,8.99,0.03914447533860777,0.16387427692969692,8.97,0.02,0.17,11.0,16.0
1,G2V,"(349, 150)",24,29,9.19,0.03161173267244113,0.19770401017566264,8.74,0.45,0.2,9.0,20.0
2,F7V,"(249, 200)",40,45,8.63,0.020523649276918705,0.11760803527253712,8.27,0.36,0.12,16.0,31.0
3,G5V,"(359, 299)",42,55,8.56,0.016732848931689623,0.11040485935435636,8.05,0.51,0.11,17.0,38.0
4,F2I,"(200, 449)",22,22,9.28,0.04279945259587357,0.21474748591392379,9.07,0.21,0.22,9.0,15.0
